Wall R-Value:Input:F ft2 h /BTU,Window U-Value:Input:BTU/ F ft2 h,SHGC:Input:,Roof R-Value:Input:F ft2 h /BTU,HRV:Input:Efficiency,SHW:Input:System,MUA Heat:Input:System,TEUI:Output:(kWh/m2 y):120,GHGI:Output:(kgCO2/m2 y):5,TEDI:Output:(kWh/m2 y):30,LEED:Output:Points:-,NPV:Output:($):-
15,0.15,0.4,30,90,ASHP,HP,86.7,1.1,23.8,0,1729196
15,0.15,0.4,20,90,ASHP,HP,87.1,1.1,24.3,0,1744279
15,0.15,0.25,30,90,ASHP,HP,87.4,1.1,25,0,1756313
15,0.15,0.25,20,90,ASHP,HP,87.8,1.1,25.6,0,1774348
15,0.15,0.4,30,90,ASHP,Gas,89.9,1.9,23.8,0,1357206
15,0.15,0.4,20,90,ASHP,Gas,90.3,1.9,24.3,0,1372290
15,0.15,0.25,30,90,ASHP,Gas,90.6,1.9,25,0,1384323
15,0.15,0.25,20,90,ASHP,Gas,91,1.9,25.6,0,1402359
15,0.15,0.4,30,90,ASHP,Renew Gas,89.9,1,23.8,0,1389689
15,0.15,0.4,20,90,ASHP,Renew Gas,90.3,1,24.3,0,1404773
15,0.15,0.25,30,90,ASHP,Renew Gas,90.6,1,25,0,1416806
15,0.15,0.25,20,90,ASHP,Renew Gas,91,1,25.6,0,1434842
15,0.15,0.4,30,60,ASHP,HP,93.3,1.2,30.6,0,2259591
15,0.15,0.4,20,60,ASHP,HP,93.7,1.2,31.1,0,2274674
15,0.15,0.25,30,60,ASHP,HP,94,1.2,31.9,0,2286708
15,0.15,0.25,20,60,ASHP,HP,94.5,1.2,32.4,0,2304744
15,0.15,0.4,30,60,ASHP,Gas,96.5,2,30.6,0,1887602
15,0.15,0.4,20,60,ASHP,Gas,96.9,2,31.1,0,1902685
15,0.15,0.25,30,60,ASHP,Gas,97.2,2,31.9,0,1914719
15,0.15,0.25,20,60,ASHP,Gas,97.7,2,32.4,0,1932754
15,0.15,0.4,30,60,ASHP,Renew Gas,96.5,1.2,30.6,0,1920085
15,0.15,0.4,20,60,ASHP,Renew Gas,96.9,1.2,31.1,0,1935168
15,0.15,0.25,30,60,ASHP,Renew Gas,97.2,1.2,31.9,0,1947202
15,0.15,0.25,20,60,ASHP,Renew Gas,97.7,1.2,32.4,0,1965237
15,0.15,0.4,30,0,ASHP,HP,108.2,1.5,45.6,0,3441616
15,0.15,0.4,20,0,ASHP,HP,108.5,1.5,46.2,0,3456700
15,0.15,0.25,30,0,ASHP,HP,108.8,1.5,46.9,0,3468734
15,0.15,0.25,20,0,ASHP,HP,109.3,1.5,47.5,0,3486769
15,0.15,0.4,30,0,ASHP,Gas,111.4,2.3,45.6,0,3069627
15,0.15,0.4,20,0,ASHP,Gas,111.7,2.3,46.2,0,3084711
15,0.15,0.25,30,0,ASHP,Gas,112,2.3,46.9,0,3096744
15,0.15,0.25,20,0,ASHP,Gas,112.5,2.4,47.5,0,3114780
15,0.15,0.4,30,0,ASHP,Renew Gas,111.4,1.5,45.6,0,3102110
15,0.15,0.4,20,0,ASHP,Renew Gas,111.7,1.5,46.2,0,3117194
15,0.15,0.25,30,0,ASHP,Renew Gas,112,1.5,46.9,0,3129227
15,0.15,0.25,20,0,ASHP,Renew Gas,112.5,1.5,47.5,0,3147263
15,0.15,0.4,30,90,Gas,HP,98.2,4.8,23.8,0,484667
15,0.15,0.4,20,90,Gas,HP,98.6,4.8,24.3,0,499750
15,0.15,0.25,30,90,Gas,HP,98.9,4.8,25,0,511784
15,0.15,0.25,20,90,Gas,HP,99.4,4.8,25.6,0,529819
15,0.15,0.4,30,90,Gas,Gas,101.4,5.6,23.8,0,112677
15,0.15,0.4,20,90,Gas,Gas,101.8,5.6,24.3,0,127761
15,0.15,0.25,30,90,Gas,Gas,102.1,5.6,25,0,139795
15,0.15,0.25,20,90,Gas,Gas,102.5,5.6,25.6,0,157830
15,0.15,0.4,30,60,Gas,HP,104.9,4.9,30.6,0,1015062
15,0.15,0.4,20,60,Gas,HP,105.2,4.9,31.1,0,1030145
15,0.15,0.25,30,60,Gas,HP,105.5,4.9,31.9,0,1042179
15,0.15,0.25,20,60,Gas,HP,106,4.9,32.4,0,1060215
15,0.15,0.4,30,60,Gas,Gas,108.1,5.7,30.6,0,643073
15,0.15,0.4,20,60,Gas,Gas,108.4,5.7,31.1,0,658156
15,0.15,0.25,30,60,Gas,Gas,108.7,5.7,31.9,0,670190
15,0.15,0.25,20,60,Gas,Gas,109.2,5.7,32.4,0,688225
15,0.15,0.4,30,0,Gas,HP,119.7,5.2,45.6,0,2197087
15,0.15,0.4,20,0,Gas,HP,120.1,5.2,46.2,0,2212171
15,0.15,0.25,30,0,Gas,HP,120.4,5.2,46.9,0,2224205
15,0.15,0.25,20,0,Gas,HP,120.8,5.2,47.5,0,2242240
15,0.15,0.4,30,0,Gas,Gas,122.9,6,45.6,0,1825098
15,0.15,0.4,20,0,Gas,Gas,123.3,6,46.2,0,1840182
15,0.15,0.25,30,0,Gas,Gas,123.6,6,46.9,0,1852215
15,0.15,0.25,20,0,Gas,Gas,124,6,47.5,0,1870251
15,0.15,0.4,30,90,Renew Gas,HP,98.2,0.9,23.8,0,636329
15,0.15,0.4,20,90,Renew Gas,HP,98.6,0.9,24.3,0,651413
15,0.15,0.25,30,90,Renew Gas,HP,98.9,0.9,25,0,663447
15,0.15,0.25,20,90,Renew Gas,HP,99.4,0.9,25.6,0,681482
15,0.15,0.4,30,90,Renew Gas,Renew Gas,101.4,0.8,23.8,0,296823
15,0.15,0.4,20,90,Renew Gas,Renew Gas,101.8,0.8,24.3,0,311907
15,0.15,0.25,30,90,Renew Gas,Renew Gas,102.1,0.9,25,0,323940
15,0.15,0.25,20,90,Renew Gas,Renew Gas,102.5,0.9,25.6,0,341976
15,0.15,0.4,30,60,Renew Gas,HP,104.9,1,30.6,0,1166725
15,0.15,0.4,20,60,Renew Gas,HP,105.2,1,31.1,0,1181808
15,0.15,0.25,30,60,Renew Gas,HP,105.5,1,31.9,0,1193842
15,0.15,0.25,20,60,Renew Gas,HP,106,1,32.4,0,1211877
15,0.15,0.4,30,60,Renew Gas,Renew Gas,108.1,1,30.6,0,827218
15,0.15,0.4,20,60,Renew Gas,Renew Gas,108.4,1,31.1,0,842302
15,0.15,0.25,30,60,Renew Gas,Renew Gas,108.7,1,31.9,0,854336
15,0.15,0.25,20,60,Renew Gas,Renew Gas,109.2,1,32.4,0,872371
15,0.15,0.4,30,0,Renew Gas,HP,119.7,1.3,45.6,0,2348750
15,0.15,0.4,20,0,Renew Gas,HP,120.1,1.3,46.2,0,2363834
15,0.15,0.25,30,0,Renew Gas,HP,120.4,1.3,46.9,0,2375867
15,0.15,0.25,20,0,Renew Gas,HP,120.8,1.4,47.5,0,2393903
15,0.15,0.4,30,0,Renew Gas,Renew Gas,122.9,1.3,45.6,0,2009244
15,0.15,0.4,20,0,Renew Gas,Renew Gas,123.3,1.3,46.2,0,2024327
15,0.15,0.25,30,0,Renew Gas,Renew Gas,123.6,1.3,46.9,0,2036361
15,0.15,0.25,20,0,Renew Gas,Renew Gas,124,1.3,47.5,0,2054397
8,0.15,0.4,30,90,ASHP,HP,89.7,1.1,27.6,12,1847195
8,0.15,0.4,20,90,ASHP,HP,90.2,1.1,28.3,12,1869420
8,0.15,0.25,30,90,ASHP,HP,90.8,1.1,29.3,12,1893512
8,0.15,0.25,20,90,ASHP,HP,91.4,1.1,30,11,1918389
8,0.15,0.4,30,90,ASHP,Gas,92.9,1.9,27.6,13,1475206
8,0.15,0.4,20,90,ASHP,Gas,93.4,1.9,28.3,13,1497431
8,0.15,0.25,30,90,ASHP,Gas,94,1.9,29.3,12,1521523
8,0.15,0.25,20,90,ASHP,Gas,94.6,1.9,30,12,1546400
8,0.15,0.4,30,90,ASHP,Renew Gas,92.9,1.1,27.6,12,1507689
8,0.15,0.4,20,90,ASHP,Renew Gas,93.4,1.1,28.3,12,1529914
8,0.15,0.25,30,90,ASHP,Renew Gas,94,1.1,29.3,12,1554006
8,0.15,0.25,20,90,ASHP,Renew Gas,94.6,1.1,30,12,1578883
8,0.15,0.4,30,60,ASHP,HP,96.3,1.2,34.5,7,2377590
8,0.15,0.4,20,60,ASHP,HP,96.9,1.2,35.1,7,2399816
8,0.15,0.25,30,60,ASHP,HP,97.5,1.3,36.1,7,2423908
8,0.15,0.25,20,60,ASHP,HP,98.1,1.3,36.9,7,2448784
8,0.15,0.4,30,60,ASHP,Gas,99.5,2,34.5,8,2005601
8,0.15,0.4,20,60,ASHP,Gas,100.1,2.1,35.1,8,2027826
8,0.15,0.25,30,60,ASHP,Gas,100.7,2.1,36.1,8,2051918
8,0.15,0.25,20,60,ASHP,Gas,101.3,2.1,36.9,7,2076795
8,0.15,0.4,30,60,ASHP,Renew Gas,99.5,1.2,34.5,8,2038084
8,0.15,0.4,20,60,ASHP,Renew Gas,100.1,1.2,35.1,7,2060309
8,0.15,0.25,30,60,ASHP,Renew Gas,100.7,1.2,36.1,7,2084401
8,0.15,0.25,20,60,ASHP,Renew Gas,101.3,1.2,36.9,7,2109278
8,0.15,0.4,30,0,ASHP,HP,111.1,1.6,49.5,0,3559616
8,0.15,0.4,20,0,ASHP,HP,111.7,1.6,50.2,0,3581841
8,0.15,0.25,30,0,ASHP,HP,112.3,1.6,51.2,0,3605933
8,0.15,0.25,20,0,ASHP,HP,112.9,1.6,51.9,0,3630810
8,0.15,0.4,30,0,ASHP,Gas,114.3,2.4,49.5,0,3187627
8,0.15,0.4,20,0,ASHP,Gas,114.9,2.4,50.2,0,3209852
8,0.15,0.25,30,0,ASHP,Gas,115.5,2.4,51.2,0,3233944
8,0.15,0.25,20,0,ASHP,Gas,116.1,2.4,51.9,0,3258821
8,0.15,0.4,30,0,ASHP,Renew Gas,114.3,1.5,49.5,0,3220110
8,0.15,0.4,20,0,ASHP,Renew Gas,114.9,1.5,50.2,0,3242335
8,0.15,0.25,30,0,ASHP,Renew Gas,115.5,1.6,51.2,0,3266427
8,0.15,0.25,20,0,ASHP,Renew Gas,116.1,1.6,51.9,0,3291304
8,0.15,0.4,30,90,Gas,HP,101.2,4.8,27.6,14,602666
8,0.15,0.4,20,90,Gas,HP,101.7,4.8,28.3,14,624892
8,0.15,0.25,30,90,Gas,HP,102.3,4.8,29.3,13,648984
8,0.15,0.25,20,90,Gas,HP,103,4.8,30,13,673860
8,0.15,0.4,30,90,Gas,Gas,104.4,5.6,27.6,14,230677
8,0.15,0.4,20,90,Gas,Gas,104.9,5.6,28.3,14,252902
8,0.15,0.25,30,90,Gas,Gas,105.5,5.6,29.3,14,276994
8,0.15,0.25,20,90,Gas,Gas,106.2,5.6,30,14,301871
8,0.15,0.4,30,60,Gas,HP,107.8,4.9,34.5,8,1133061
8,0.15,0.4,20,60,Gas,HP,108.4,4.9,35.1,8,1155287
8,0.15,0.25,30,60,Gas,HP,109,4.9,36.1,8,1179379
8,0.15,0.25,20,60,Gas,HP,109.6,5,36.9,8,1204256
8,0.15,0.4,30,60,Gas,Gas,111,5.7,34.5,9,761072
8,0.15,0.4,20,60,Gas,Gas,111.6,5.7,35.1,9,783297
8,0.15,0.25,30,60,Gas,Gas,112.2,5.8,36.1,9,807390
8,0.15,0.25,20,60,Gas,Gas,112.8,5.8,36.9,9,832266
8,0.15,0.4,30,0,Gas,HP,122.6,5.3,49.5,0,2315087
8,0.15,0.4,20,0,Gas,HP,123.2,5.3,50.2,0,2337312
8,0.15,0.25,30,0,Gas,HP,123.8,5.3,51.2,0,2361404
8,0.15,0.25,20,0,Gas,HP,124.4,5.3,51.9,0,2386281
8,0.15,0.4,30,0,Gas,Gas,125.8,6.1,49.5,0,1943098
8,0.15,0.4,20,0,Gas,Gas,126.4,6.1,50.2,0,1965323
8,0.15,0.25,30,0,Gas,Gas,127,6.1,51.2,0,1989415
8,0.15,0.25,20,0,Gas,Gas,127.6,6.1,51.9,0,2014292
8,0.15,0.4,30,90,Renew Gas,HP,101.2,0.9,27.6,12,754329
8,0.15,0.4,20,90,Renew Gas,HP,101.7,0.9,28.3,12,776554
8,0.15,0.25,30,90,Renew Gas,HP,102.3,0.9,29.3,12,800646
8,0.15,0.25,20,90,Renew Gas,HP,103,0.9,30,12,825523
8,0.15,0.4,30,90,Renew Gas,Renew Gas,104.4,0.9,27.6,13,414823
8,0.15,0.4,20,90,Renew Gas,Renew Gas,104.9,0.9,28.3,13,437048
8,0.15,0.25,30,90,Renew Gas,Renew Gas,105.5,0.9,29.3,12,461140
8,0.15,0.25,20,90,Renew Gas,Renew Gas,106.2,0.9,30,12,486017
8,0.15,0.4,30,60,Renew Gas,HP,107.8,1,34.5,7,1284724
8,0.15,0.4,20,60,Renew Gas,HP,108.4,1.1,35.1,7,1306950
8,0.15,0.25,30,60,Renew Gas,HP,109,1.1,36.1,7,1331042
8,0.15,0.25,20,60,Renew Gas,HP,109.6,1.1,36.9,7,1355918
8,0.15,0.4,30,60,Renew Gas,Renew Gas,111,1,34.5,7,945218
8,0.15,0.4,20,60,Renew Gas,Renew Gas,111.6,1,35.1,7,967443
8,0.15,0.25,30,60,Renew Gas,Renew Gas,112.2,1,36.1,7,991535
8,0.15,0.25,20,60,Renew Gas,Renew Gas,112.8,1,36.9,7,1016412
8,0.15,0.4,30,0,Renew Gas,HP,122.6,1.4,49.5,0,2466750
8,0.15,0.4,20,0,Renew Gas,HP,123.2,1.4,50.2,0,2488975
8,0.15,0.25,30,0,Renew Gas,HP,123.8,1.4,51.2,0,2513067
8,0.15,0.25,20,0,Renew Gas,HP,124.4,1.4,51.9,0,2537944
8,0.15,0.4,30,0,Renew Gas,Renew Gas,125.8,1.4,49.5,0,2127243
8,0.15,0.4,20,0,Renew Gas,Renew Gas,126.4,1.4,50.2,0,2149469
8,0.15,0.25,30,0,Renew Gas,Renew Gas,127,1.4,51.2,0,2173561
8,0.15,0.25,20,0,Renew Gas,Renew Gas,127.6,1.4,51.9,0,2198437
15,0.25,0.4,30,90,ASHP,HP,88.5,1.1,26.5,0,1802595
15,0.25,0.4,20,90,ASHP,HP,89,1.1,27.1,0,1822641
15,0.25,0.25,30,90,ASHP,HP,89.6,1.1,28.2,0,1845633
15,0.25,0.25,20,90,ASHP,HP,90.2,1.1,28.9,0,1869298
15,0.25,0.4,30,90,ASHP,Gas,91.7,1.9,26.5,0,1430605
15,0.25,0.4,20,90,ASHP,Gas,92.2,1.9,27.1,0,1450652
15,0.25,0.25,30,90,ASHP,Gas,92.8,1.9,28.2,0,1473644
15,0.25,0.25,20,90,ASHP,Gas,93.4,1.9,28.9,0,1497309
15,0.25,0.4,30,90,ASHP,Renew Gas,91.7,1.1,26.5,0,1463088
15,0.25,0.4,20,90,ASHP,Renew Gas,92.2,1.1,27.1,0,1483135
15,0.25,0.25,30,90,ASHP,Renew Gas,92.8,1.1,28.2,0,1506127
15,0.25,0.25,20,90,ASHP,Renew Gas,93.4,1.1,28.9,0,1529792
15,0.25,0.4,30,60,ASHP,HP,95.2,1.2,33.4,0,2332990
15,0.25,0.4,20,60,ASHP,HP,95.7,1.2,34,0,2353037
15,0.25,0.25,30,60,ASHP,HP,96.3,1.2,35,0,2376028
15,0.25,0.25,20,60,ASHP,HP,96.9,1.2,35.7,0,2399694
15,0.25,0.4,30,60,ASHP,Gas,98.4,2,33.4,0,1961001
15,0.25,0.4,20,60,ASHP,Gas,98.9,2,34,0,1981047
15,0.25,0.25,30,60,ASHP,Gas,99.5,2,35,0,2004039
15,0.25,0.25,20,60,ASHP,Gas,100.1,2.1,35.7,0,2027704
15,0.25,0.4,30,60,ASHP,Renew Gas,98.4,1.2,33.4,0,1993484
15,0.25,0.4,20,60,ASHP,Renew Gas,98.9,1.2,34,0,2013530
15,0.25,0.25,30,60,ASHP,Renew Gas,99.5,1.2,35,0,2036522
15,0.25,0.25,20,60,ASHP,Renew Gas,100.1,1.2,35.7,0,2060187
15,0.25,0.4,30,0,ASHP,HP,110,1.6,48.4,0,3515015
15,0.25,0.4,20,0,ASHP,HP,110.5,1.6,49,0,3535062
15,0.25,0.25,30,0,ASHP,HP,111.1,1.6,50,0,3558054
15,0.25,0.25,20,0,ASHP,HP,111.7,1.6,50.7,0,3581719
15,0.25,0.4,30,0,ASHP,Gas,113.2,2.4,48.4,0,3143026
15,0.25,0.4,20,0,ASHP,Gas,113.7,2.4,49,0,3163073
15,0.25,0.25,30,0,ASHP,Gas,114.3,2.4,50,0,3186064
15,0.25,0.25,20,0,ASHP,Gas,114.9,2.4,50.7,0,3209730
15,0.25,0.4,30,0,ASHP,Renew Gas,113.2,1.5,48.4,0,3175509
15,0.25,0.4,20,0,ASHP,Renew Gas,113.7,1.5,49,0,3195556
15,0.25,0.25,30,0,ASHP,Renew Gas,114.3,1.5,50,0,3218547
15,0.25,0.25,20,0,ASHP,Renew Gas,114.9,1.5,50.7,0,3242213
15,0.25,0.4,30,90,Gas,HP,100.1,4.8,26.5,0,558066
15,0.25,0.4,20,90,Gas,HP,100.6,4.8,27.1,0,578112
15,0.25,0.25,30,90,Gas,HP,101.1,4.8,28.2,0,601104
15,0.25,0.25,20,90,Gas,HP,101.7,4.8,28.9,0,624769
15,0.25,0.4,30,90,Gas,Gas,103.3,5.6,26.5,0,186076
15,0.25,0.4,20,90,Gas,Gas,103.8,5.6,27.1,0,206123
15,0.25,0.25,30,90,Gas,Gas,104.3,5.6,28.2,0,229115
15,0.25,0.25,20,90,Gas,Gas,104.9,5.6,28.9,0,252780
15,0.25,0.4,30,60,Gas,HP,106.7,4.9,33.4,0,1088461
15,0.25,0.4,20,60,Gas,HP,107.2,4.9,34,0,1108508
15,0.25,0.25,30,60,Gas,HP,107.8,4.9,35,0,1131499
15,0.25,0.25,20,60,Gas,HP,108.4,4.9,35.7,0,1155165
15,0.25,0.4,30,60,Gas,Gas,109.9,5.7,33.4,0,716472
15,0.25,0.4,20,60,Gas,Gas,110.4,5.7,34,0,736518
15,0.25,0.25,30,60,Gas,Gas,111,5.7,35,0,759510
15,0.25,0.25,20,60,Gas,Gas,111.6,5.7,35.7,0,783175
15,0.25,0.4,30,0,Gas,HP,121.5,5.2,48.4,0,2270487
15,0.25,0.4,20,0,Gas,HP,122,5.3,49,0,2290533
15,0.25,0.25,30,0,Gas,HP,122.6,5.3,50,0,2313525
15,0.25,0.25,20,0,Gas,HP,123.2,5.3,50.7,0,2337190
15,0.25,0.4,30,0,Gas,Gas,124.7,6.1,48.4,0,1898497
15,0.25,0.4,20,0,Gas,Gas,125.2,6.1,49,0,1918544
15,0.25,0.25,30,0,Gas,Gas,125.8,6.1,50,0,1941535
15,0.25,0.25,20,0,Gas,Gas,126.4,6.1,50.7,0,1965201
15,0.25,0.4,30,90,Renew Gas,HP,100.1,0.9,26.5,0,709729
15,0.25,0.4,20,90,Renew Gas,HP,100.6,0.9,27.1,0,729775
15,0.25,0.25,30,90,Renew Gas,HP,101.1,0.9,28.2,0,752767
15,0.25,0.25,20,90,Renew Gas,HP,101.7,0.9,28.9,0,776432
15,0.25,0.4,30,90,Renew Gas,Renew Gas,103.3,0.9,26.5,0,370222
15,0.25,0.4,20,90,Renew Gas,Renew Gas,103.8,0.9,27.1,0,390269
15,0.25,0.25,30,90,Renew Gas,Renew Gas,104.3,0.9,28.2,0,413260
15,0.25,0.25,20,90,Renew Gas,Renew Gas,104.9,0.9,28.9,0,436926
15,0.25,0.4,30,60,Renew Gas,HP,106.7,1,33.4,0,1240124
15,0.25,0.4,20,60,Renew Gas,HP,107.2,1,34,0,1260170
15,0.25,0.25,30,60,Renew Gas,HP,107.8,1,35,0,1283162
15,0.25,0.25,20,60,Renew Gas,HP,108.4,1.1,35.7,0,1306827
15,0.25,0.4,30,60,Renew Gas,Renew Gas,109.9,1,33.4,0,900617
15,0.25,0.4,20,60,Renew Gas,Renew Gas,110.4,1,34,0,920664
15,0.25,0.25,30,60,Renew Gas,Renew Gas,111,1,35,0,943656
15,0.25,0.25,20,60,Renew Gas,Renew Gas,111.6,1,35.7,0,967321
15,0.25,0.4,30,0,Renew Gas,HP,121.5,1.4,48.4,0,2422149
15,0.25,0.4,20,0,Renew Gas,HP,122,1.4,49,0,2442196
15,0.25,0.25,30,0,Renew Gas,HP,122.6,1.4,50,0,2465188
15,0.25,0.25,20,0,Renew Gas,HP,123.2,1.4,50.7,0,2488853
15,0.25,0.4,30,0,Renew Gas,Renew Gas,124.7,1.3,48.4,0,2082643
15,0.25,0.4,20,0,Renew Gas,Renew Gas,125.2,1.3,49,0,2102690
15,0.25,0.25,30,0,Renew Gas,Renew Gas,125.8,1.3,50,0,2125681
15,0.25,0.25,20,0,Renew Gas,Renew Gas,126.4,1.4,50.7,0,2149346
8,0.25,0.4,30,90,ASHP,HP,92.3,1.1,31,11,1951978
8,0.25,0.4,20,90,ASHP,HP,92.9,1.1,31.7,11,1977106
8,0.25,0.25,30,90,ASHP,HP,93.9,1.1,33,11,2014576
8,0.25,0.25,20,90,ASHP,HP,94.5,1.1,33.8,11,2041480
8,0.25,0.4,30,90,ASHP,Gas,95.5,1.9,31,12,1579989
8,0.25,0.4,20,90,ASHP,Gas,96.1,1.9,31.7,11,1605117
8,0.25,0.25,30,90,ASHP,Gas,97,1.9,33,11,1642587
8,0.25,0.25,20,90,ASHP,Gas,97.7,2,33.8,11,1669491
8,0.25,0.4,30,90,ASHP,Renew Gas,95.5,1.1,31,11,1612472
8,0.25,0.4,20,90,ASHP,Renew Gas,96.1,1.1,31.7,11,1637600
8,0.25,0.25,30,90,ASHP,Renew Gas,97,1.1,33,11,1675070
8,0.25,0.25,20,90,ASHP,Renew Gas,97.7,1.1,33.8,11,1701974
8,0.25,0.4,30,60,ASHP,HP,98.9,1.3,37.8,7,2482374
8,0.25,0.4,20,60,ASHP,HP,99.6,1.3,38.5,7,2507501
8,0.25,0.25,30,60,ASHP,HP,100.5,1.3,39.8,7,2544972
8,0.25,0.25,20,60,ASHP,HP,101.2,1.3,40.6,6,2571876
8,0.25,0.4,30,60,ASHP,Gas,102.1,2.1,37.8,7,2110384
8,0.25,0.4,20,60,ASHP,Gas,102.8,2.1,38.5,7,2135512
8,0.25,0.25,30,60,ASHP,Gas,103.7,2.1,39.8,7,2172982
8,0.25,0.25,20,60,ASHP,Gas,104.4,2.1,40.6,7,2199886
8,0.25,0.4,30,60,ASHP,Renew Gas,102.1,1.2,37.8,7,2142867
8,0.25,0.4,20,60,ASHP,Renew Gas,102.8,1.2,38.5,7,2167995
8,0.25,0.25,30,60,ASHP,Renew Gas,103.7,1.3,39.8,7,2205465
8,0.25,0.25,20,60,ASHP,Renew Gas,104.4,1.3,40.6,7,2232369
8,0.25,0.4,30,0,ASHP,HP,113.8,1.6,52.9,0,3664399
8,0.25,0.4,20,0,ASHP,HP,114.4,1.6,53.6,0,3689527
8,0.25,0.25,30,0,ASHP,HP,115.3,1.6,54.9,0,3726997
8,0.25,0.25,20,0,ASHP,HP,116,1.6,55.7,0,3753901
8,0.25,0.4,30,0,ASHP,Gas,116.9,2.4,52.9,0,3292410
8,0.25,0.4,20,0,ASHP,Gas,117.6,2.4,53.6,0,3317538
8,0.25,0.25,30,0,ASHP,Gas,118.5,2.4,54.9,0,3355008
8,0.25,0.25,20,0,ASHP,Gas,119.2,2.4,55.7,0,3381912
8,0.25,0.4,30,0,ASHP,Renew Gas,116.9,1.6,52.9,0,3324893
8,0.25,0.4,20,0,ASHP,Renew Gas,117.6,1.6,53.6,0,3350021
8,0.25,0.25,30,0,ASHP,Renew Gas,118.5,1.6,54.9,0,3387491
8,0.25,0.25,20,0,ASHP,Renew Gas,119.2,1.6,55.7,0,3414395
8,0.25,0.4,30,90,Gas,HP,103.8,4.8,31,13,707449
8,0.25,0.4,20,90,Gas,HP,104.4,4.8,31.7,13,732577
8,0.25,0.25,30,90,Gas,HP,105.4,4.8,33,13,770047
8,0.25,0.25,20,90,Gas,HP,106.1,4.8,33.8,13,796951
8,0.25,0.4,30,90,Gas,Gas,107,5.6,31,14,335460
8,0.25,0.4,20,90,Gas,Gas,107.6,5.6,31.7,13,360588
8,0.25,0.25,30,90,Gas,Gas,108.6,5.6,33,13,398058
8,0.25,0.25,20,90,Gas,Gas,109.2,5.6,33.8,13,424962
8,0.25,0.4,30,60,Gas,HP,110.5,5,37.8,8,1237845
8,0.25,0.4,20,60,Gas,HP,111.1,5,38.5,8,1262972
8,0.25,0.25,30,60,Gas,HP,112,5,39.8,8,1300443
8,0.25,0.25,20,60,Gas,HP,112.7,5,40.6,7,1327347
8,0.25,0.4,30,60,Gas,Gas,113.7,5.8,37.8,8,865855
8,0.25,0.4,20,60,Gas,Gas,114.3,5.8,38.5,8,890983
8,0.25,0.25,30,60,Gas,Gas,115.2,5.8,39.8,8,928453
8,0.25,0.25,20,60,Gas,Gas,115.9,5.8,40.6,8,955357
8,0.25,0.4,30,0,Gas,HP,125.3,5.3,52.9,0,2419870
8,0.25,0.4,20,0,Gas,HP,125.9,5.3,53.6,0,2444998
8,0.25,0.25,30,0,Gas,HP,126.8,5.3,54.9,0,2482468
8,0.25,0.25,20,0,Gas,HP,127.5,5.3,55.7,0,2509372
8,0.25,0.4,30,0,Gas,Gas,128.5,6.1,52.9,0,2047881
8,0.25,0.4,20,0,Gas,Gas,129.1,6.1,53.6,0,2073009
8,0.25,0.25,30,0,Gas,Gas,130,6.1,54.9,0,2110479
8,0.25,0.25,20,0,Gas,Gas,130.7,6.1,55.7,0,2137383
8,0.25,0.4,30,90,Renew Gas,HP,103.8,0.9,31,11,859112
8,0.25,0.4,20,90,Renew Gas,HP,104.4,0.9,31.7,11,884240
8,0.25,0.25,30,90,Renew Gas,HP,105.4,0.9,33,11,921710
8,0.25,0.25,20,90,Renew Gas,HP,106.1,1,33.8,11,948614
8,0.25,0.4,30,90,Renew Gas,Renew Gas,107,0.9,31,12,519606
8,0.25,0.4,20,90,Renew Gas,Renew Gas,107.6,0.9,31.7,11,544734
8,0.25,0.25,30,90,Renew Gas,Renew Gas,108.6,0.9,33,11,582204
8,0.25,0.25,20,90,Renew Gas,Renew Gas,109.2,0.9,33.8,11,609108
8,0.25,0.4,30,60,Renew Gas,HP,110.5,1.1,37.8,7,1389507
8,0.25,0.4,20,60,Renew Gas,HP,111.1,1.1,38.5,7,1414635
8,0.25,0.25,30,60,Renew Gas,HP,112,1.1,39.8,6,1452105
8,0.25,0.25,20,60,Renew Gas,HP,112.7,1.1,40.6,6,1479009
8,0.25,0.4,30,60,Renew Gas,Renew Gas,113.7,1.1,37.8,7,1050001
8,0.25,0.4,20,60,Renew Gas,Renew Gas,114.3,1.1,38.5,7,1075129
8,0.25,0.25,30,60,Renew Gas,Renew Gas,115.2,1.1,39.8,6,1112599
8,0.25,0.25,20,60,Renew Gas,Renew Gas,115.9,1.1,40.6,6,1139503
8,0.25,0.4,30,0,Renew Gas,HP,125.3,1.4,52.9,0,2571533
8,0.25,0.4,20,0,Renew Gas,HP,125.9,1.4,53.6,0,2596661
8,0.25,0.25,30,0,Renew Gas,HP,126.8,1.4,54.9,0,2634131
8,0.25,0.25,20,0,Renew Gas,HP,127.5,1.4,55.7,0,2661035
8,0.25,0.4,30,0,Renew Gas,Renew Gas,128.5,1.4,52.9,0,2232027
8,0.25,0.4,20,0,Renew Gas,Renew Gas,129.1,1.4,53.6,0,2257154
8,0.25,0.25,30,0,Renew Gas,Renew Gas,130,1.4,54.9,0,2294625
8,0.25,0.25,20,0,Renew Gas,Renew Gas,130.7,1.4,55.7,0,2321529
15,0.38,0.4,30,90,ASHP,HP,91.9,1.1,30.9,0,1936619
15,0.38,0.4,20,90,ASHP,HP,92.5,1.1,31.6,0,1961810
15,0.38,0.25,30,90,ASHP,HP,93.5,1.1,32.9,0,1999393
15,0.38,0.25,20,90,ASHP,HP,94.2,1.1,33.7,0,2026802
15,0.38,0.4,30,90,ASHP,Gas,95.1,1.9,30.9,0,1564629
15,0.38,0.4,20,90,ASHP,Gas,95.7,1.9,31.6,0,1589821
15,0.38,0.25,30,90,ASHP,Gas,96.7,1.9,32.9,0,1627404
15,0.38,0.25,20,90,ASHP,Gas,97.4,1.9,33.7,0,1654813
15,0.38,0.4,30,90,ASHP,Renew Gas,95.1,1.1,30.9,0,1597112
15,0.38,0.4,20,90,ASHP,Renew Gas,95.7,1.1,31.6,0,1622304
15,0.38,0.25,30,90,ASHP,Renew Gas,96.7,1.1,32.9,0,1659887
15,0.38,0.25,20,90,ASHP,Renew Gas,97.4,1.1,33.7,0,1687296
15,0.38,0.4,30,60,ASHP,HP,98.5,1.3,37.7,0,2467014
15,0.38,0.4,20,60,ASHP,HP,99.2,1.3,38.4,0,2492206
15,0.38,0.25,30,60,ASHP,HP,100.1,1.3,39.8,0,2529788
15,0.38,0.25,20,60,ASHP,HP,100.8,1.3,40.5,0,2557197
15,0.38,0.4,30,60,ASHP,Gas,101.7,2.1,37.7,0,2095025
15,0.38,0.4,20,60,ASHP,Gas,102.4,2.1,38.4,0,2120216
15,0.38,0.25,30,60,ASHP,Gas,103.3,2.1,39.8,0,2157799
15,0.38,0.25,20,60,ASHP,Gas,104,2.1,40.5,0,2185208
15,0.38,0.4,30,60,ASHP,Renew Gas,101.7,1.2,37.7,0,2127508
15,0.38,0.4,20,60,ASHP,Renew Gas,102.4,1.2,38.4,0,2152699
15,0.38,0.25,30,60,ASHP,Renew Gas,103.3,1.3,39.8,0,2190282
15,0.38,0.25,20,60,ASHP,Renew Gas,104,1.3,40.5,0,2217691
15,0.38,0.4,30,0,ASHP,HP,113.4,1.6,52.7,0,3649039
15,0.38,0.4,20,0,ASHP,HP,114,1.6,53.5,0,3674231
15,0.38,0.25,30,0,ASHP,HP,114.9,1.6,54.8,0,3711814
15,0.38,0.25,20,0,ASHP,HP,115.6,1.6,55.6,0,3739223
15,0.38,0.4,30,0,ASHP,Gas,116.6,2.4,52.7,0,3277050
15,0.38,0.4,20,0,ASHP,Gas,117.2,2.4,53.5,0,3302242
15,0.38,0.25,30,0,ASHP,Gas,118.1,2.4,54.8,0,3339825
15,0.38,0.25,20,0,ASHP,Gas,118.8,2.4,55.6,0,3367233
15,0.38,0.4,30,0,ASHP,Renew Gas,116.6,1.6,52.7,0,3309533
15,0.38,0.4,20,0,ASHP,Renew Gas,117.2,1.6,53.5,0,3334725
15,0.38,0.25,30,0,ASHP,Renew Gas,118.1,1.6,54.8,0,3372308
15,0.38,0.25,20,0,ASHP,Renew Gas,118.8,1.6,55.6,0,3399716
15,0.38,0.4,30,90,Gas,HP,103.4,4.8,30.9,0,692090
15,0.38,0.4,20,90,Gas,HP,104.1,4.8,31.6,0,717281
15,0.38,0.25,30,90,Gas,HP,105,4.8,32.9,0,754864
15,0.38,0.25,20,90,Gas,HP,105.7,4.8,33.7,0,782273
15,0.38,0.4,30,90,Gas,Gas,106.6,5.6,30.9,0,320100
15,0.38,0.4,20,90,Gas,Gas,107.2,5.6,31.6,0,345292
15,0.38,0.25,30,90,Gas,Gas,108.2,5.6,32.9,0,382875
15,0.38,0.25,20,90,Gas,Gas,108.9,5.6,33.7,0,410284
15,0.38,0.4,30,60,Gas,HP,110.1,5,37.7,0,1222485
15,0.38,0.4,20,60,Gas,HP,110.7,5,38.4,0,1247677
15,0.38,0.25,30,60,Gas,HP,111.6,5,39.8,0,1285260
15,0.38,0.25,20,60,Gas,HP,112.3,5,40.5,0,1312668
15,0.38,0.4,30,60,Gas,Gas,113.3,5.8,37.7,0,850496
15,0.38,0.4,20,60,Gas,Gas,113.9,5.8,38.4,0,875687
15,0.38,0.25,30,60,Gas,Gas,114.8,5.8,39.8,0,913270
15,0.38,0.25,20,60,Gas,Gas,115.5,5.8,40.5,0,940679
15,0.38,0.4,30,0,Gas,HP,124.9,5.3,52.7,0,2404511
15,0.38,0.4,20,0,Gas,HP,125.5,5.3,53.5,0,2429702
15,0.38,0.25,30,0,Gas,HP,126.5,5.3,54.8,0,2467285
15,0.38,0.25,20,0,Gas,HP,127.1,5.3,55.6,0,2494694
15,0.38,0.4,30,0,Gas,Gas,128.1,6.1,52.7,0,2032521
15,0.38,0.4,20,0,Gas,Gas,128.7,6.1,53.5,0,2057713
15,0.38,0.25,30,0,Gas,Gas,129.7,6.1,54.8,0,2095296
15,0.38,0.25,20,0,Gas,Gas,130.3,6.1,55.6,0,2122704
15,0.38,0.4,30,90,Renew Gas,HP,103.4,0.9,30.9,0,843753
15,0.38,0.4,20,90,Renew Gas,HP,104.1,0.9,31.6,0,868944
15,0.38,0.25,30,90,Renew Gas,HP,105,0.9,32.9,0,906527
15,0.38,0.25,20,90,Renew Gas,HP,105.7,1,33.7,0,933936
15,0.38,0.4,30,90,Renew Gas,Renew Gas,106.6,0.9,30.9,0,504246
15,0.38,0.4,20,90,Renew Gas,Renew Gas,107.2,0.9,31.6,0,529438
15,0.38,0.25,30,90,Renew Gas,Renew Gas,108.2,0.9,32.9,0,567021
15,0.38,0.25,20,90,Renew Gas,Renew Gas,108.9,0.9,33.7,0,594429
15,0.38,0.4,30,60,Renew Gas,HP,110.1,1.1,37.7,0,1374148
15,0.38,0.4,20,60,Renew Gas,HP,110.7,1.1,38.4,0,1399339
15,0.38,0.25,30,60,Renew Gas,HP,111.6,1.1,39.8,0,1436922
15,0.38,0.25,20,60,Renew Gas,HP,112.3,1.1,40.5,0,1464331
15,0.38,0.4,30,60,Renew Gas,Renew Gas,113.3,1,37.7,0,1034641
15,0.38,0.4,20,60,Renew Gas,Renew Gas,113.9,1.1,38.4,0,1059833
15,0.38,0.25,30,60,Renew Gas,Renew Gas,114.8,1.1,39.8,0,1097416
15,0.38,0.25,20,60,Renew Gas,Renew Gas,115.5,1.1,40.5,0,1124825
15,0.38,0.4,30,0,Renew Gas,HP,124.9,1.4,52.7,0,2556173
15,0.38,0.4,20,0,Renew Gas,HP,125.5,1.4,53.5,0,2581365
15,0.38,0.25,30,0,Renew Gas,HP,126.5,1.4,54.8,0,2618948
15,0.38,0.25,20,0,Renew Gas,HP,127.1,1.4,55.6,0,2646356
15,0.38,0.4,30,0,Renew Gas,Renew Gas,128.1,1.4,52.7,0,2216667
15,0.38,0.4,20,0,Renew Gas,Renew Gas,128.7,1.4,53.5,0,2241859
15,0.38,0.25,30,0,Renew Gas,Renew Gas,129.7,1.4,54.8,0,2279441
15,0.38,0.25,20,0,Renew Gas,Renew Gas,130.3,1.4,55.6,0,2306850
8,0.38,0.4,30,90,ASHP,HP,96.3,1.2,35.9,10,2112362
8,0.38,0.4,20,90,ASHP,HP,97,1.2,36.6,10,2139191
8,0.38,0.25,30,90,ASHP,HP,98.2,1.2,38.2,10,2189846
8,0.38,0.25,20,90,ASHP,HP,99,1.2,39,10,2218680
8,0.38,0.4,30,90,ASHP,Gas,99.5,2,35.9,11,1740373
8,0.38,0.4,20,90,ASHP,Gas,100.2,2,36.6,10,1767202
8,0.38,0.25,30,90,ASHP,Gas,101.4,2,38.2,10,1817857
8,0.38,0.25,20,90,ASHP,Gas,102.2,2,39,10,1846691
8,0.38,0.4,30,90,ASHP,Renew Gas,99.5,1.1,35.9,10,1772856
8,0.38,0.4,20,90,ASHP,Renew Gas,100.2,1.1,36.6,10,1799685
8,0.38,0.25,30,90,ASHP,Renew Gas,101.4,1.2,38.2,10,1850340
8,0.38,0.25,20,90,ASHP,Renew Gas,102.2,1.2,39,10,1879174
8,0.38,0.4,30,60,ASHP,HP,103,1.3,42.7,6,2642757
8,0.38,0.4,20,60,ASHP,HP,103.6,1.3,43.5,6,2669587
8,0.38,0.25,30,60,ASHP,HP,104.9,1.3,45.1,5,2720241
8,0.38,0.25,20,60,ASHP,HP,105.6,1.3,45.8,5,2749075
8,0.38,0.4,30,60,ASHP,Gas,106.1,2.1,42.7,6,2270768
8,0.38,0.4,20,60,ASHP,Gas,106.8,2.1,43.5,6,2297597
8,0.38,0.25,30,60,ASHP,Gas,108.1,2.1,45.1,6,2348252
8,0.38,0.25,20,60,ASHP,Gas,108.8,2.1,45.8,6,2377086
8,0.38,0.4,30,60,ASHP,Renew Gas,106.1,1.3,42.7,6,2303251
8,0.38,0.4,20,60,ASHP,Renew Gas,106.8,1.3,43.5,6,2330080
8,0.38,0.25,30,60,ASHP,Renew Gas,108.1,1.3,45.1,6,2380735
8,0.38,0.25,20,60,ASHP,Renew Gas,108.8,1.3,45.8,5,2409569
8,0.38,0.4,30,0,ASHP,HP,117.8,1.6,57.7,0,3824783
8,0.38,0.4,20,0,ASHP,HP,118.4,1.6,58.5,0,3851612
8,0.38,0.25,30,0,ASHP,HP,119.7,1.7,60.1,0,3902267
8,0.38,0.25,20,0,ASHP,HP,120.4,1.7,60.9,0,3931101
8,0.38,0.4,30,0,ASHP,Gas,121,2.4,57.7,0,3452793
8,0.38,0.4,20,0,ASHP,Gas,121.6,2.5,58.5,0,3479623
8,0.38,0.25,30,0,ASHP,Gas,122.9,2.5,60.1,0,3530277
8,0.38,0.25,20,0,ASHP,Gas,123.6,2.5,60.9,0,3559112
8,0.38,0.4,30,0,ASHP,Renew Gas,121,1.6,57.7,0,3485276
8,0.38,0.4,20,0,ASHP,Renew Gas,121.6,1.6,58.5,0,3512106
8,0.38,0.25,30,0,ASHP,Renew Gas,122.9,1.6,60.1,0,3562760
8,0.38,0.25,20,0,ASHP,Renew Gas,123.6,1.6,60.9,0,3591595
8,0.38,0.4,30,90,Gas,HP,107.8,4.9,35.9,12,867833
8,0.38,0.4,20,90,Gas,HP,108.5,4.9,36.6,11,894662
8,0.38,0.25,30,90,Gas,HP,109.8,4.9,38.2,11,945317
8,0.38,0.25,20,90,Gas,HP,110.5,4.9,39,11,974151
8,0.38,0.4,30,90,Gas,Gas,111,5.7,35.9,12,495844
8,0.38,0.4,20,90,Gas,Gas,111.7,5.7,36.6,12,522673
8,0.38,0.25,30,90,Gas,Gas,113,5.7,38.2,11,573328
8,0.38,0.25,20,90,Gas,Gas,113.7,5.7,39,11,602162
8,0.38,0.4,30,60,Gas,HP,114.5,5,42.7,7,1398228
8,0.38,0.4,20,60,Gas,HP,115.1,5,43.5,7,1425058
8,0.38,0.25,30,60,Gas,HP,116.4,5,45.1,6,1475712
8,0.38,0.25,20,60,Gas,HP,117.1,5,45.8,6,1504547
8,0.38,0.4,30,60,Gas,Gas,117.7,5.8,42.7,7,1026239
8,0.38,0.4,20,60,Gas,Gas,118.3,5.8,43.5,7,1053068
8,0.38,0.25,30,60,Gas,Gas,119.6,5.8,45.1,7,1103723
8,0.38,0.25,20,60,Gas,Gas,120.3,5.8,45.8,7,1132557
8,0.38,0.4,30,0,Gas,HP,129.3,5.3,57.7,0,2580254
8,0.38,0.4,20,0,Gas,HP,130,5.3,58.5,0,2607083
8,0.38,0.25,30,0,Gas,HP,131.2,5.4,60.1,0,2657738
8,0.38,0.25,20,0,Gas,HP,132,5.4,60.9,0,2686572
8,0.38,0.4,30,0,Gas,Gas,132.5,6.1,57.7,0,2208264
8,0.38,0.4,20,0,Gas,Gas,133.2,6.1,58.5,0,2235094
8,0.38,0.25,30,0,Gas,Gas,134.4,6.2,60.1,0,2285749
8,0.38,0.25,20,0,Gas,Gas,135.2,6.2,60.9,0,2314583
8,0.38,0.4,30,90,Renew Gas,HP,107.8,1,35.9,10,1019496
8,0.38,0.4,20,90,Renew Gas,HP,108.5,1,36.6,10,1046325
8,0.38,0.25,30,90,Renew Gas,HP,109.8,1,38.2,10,1096980
8,0.38,0.25,20,90,Renew Gas,HP,110.5,1,39,10,1125814
8,0.38,0.4,30,90,Renew Gas,Renew Gas,111,1,35.9,10,679989
8,0.38,0.4,20,90,Renew Gas,Renew Gas,111.7,1,36.6,10,706819
8,0.38,0.25,30,90,Renew Gas,Renew Gas,113,1,38.2,10,757474
8,0.38,0.25,20,90,Renew Gas,Renew Gas,113.7,1,39,10,786308
8,0.38,0.4,30,60,Renew Gas,HP,114.5,1.1,42.7,6,1549891
8,0.38,0.4,20,60,Renew Gas,HP,115.1,1.1,43.5,5,1576720
8,0.38,0.25,30,60,Renew Gas,HP,116.4,1.1,45.1,5,1627375
8,0.38,0.25,20,60,Renew Gas,HP,117.1,1.2,45.8,4,1656209
8,0.38,0.4,30,60,Renew Gas,Renew Gas,117.7,1.1,42.7,6,1210385
8,0.38,0.4,20,60,Renew Gas,Renew Gas,118.3,1.1,43.5,6,1237214
8,0.38,0.25,30,60,Renew Gas,Renew Gas,119.6,1.1,45.1,5,1287869
8,0.38,0.25,20,60,Renew Gas,Renew Gas,120.3,1.1,45.8,5,1316703
8,0.38,0.4,30,0,Renew Gas,HP,129.3,1.4,57.7,0,2731916
8,0.38,0.4,20,0,Renew Gas,HP,130,1.5,58.5,0,2758746
8,0.38,0.25,30,0,Renew Gas,HP,131.2,1.5,60.1,0,2809401
8,0.38,0.25,20,0,Renew Gas,HP,132,1.5,60.9,0,2838235
8,0.38,0.4,30,0,Renew Gas,Renew Gas,132.5,1.4,57.7,0,2392410
8,0.38,0.4,20,0,Renew Gas,Renew Gas,133.2,1.4,58.5,0,2419239
8,0.38,0.25,30,0,Renew Gas,Renew Gas,134.4,1.4,60.1,0,2469894
8,0.38,0.25,20,0,Renew Gas,Renew Gas,135.2,1.5,60.9,0,2498728
